query_id,product_id,query,title,query_is_correct,explanation,validation,validation_explanation,reformulated_query
58953,B085G3MGFR,kodak photo paper 8.5 x 11 glossy,"Kodak photo paper 8.5 x 11 glossy, 50 counts 66 lb - 252 g/m (41159-8360513)",True,"The query specifies 'kodak photo paper 8.5 x 11 glossy'. Let's compare it with the product details:

1. **Brand:** The query does specify a brand 'Kodak', and the product is also 'Kodak', so this matches.
2. **Size:** The query specifies '8.5 x 11', and the product indicates '8.5 x 11', which matches. 
3. **Type of Paper:** The type specified is 'glossy'. The product also states it is 'glossy', which matches.

The product thus matches all the specifications of the query (brand, size, type). The absence of additional details (like exact color or paper count in the query) does not disqualify this from being an ""Exact match"". Therefore, the product satisfies all specifications of the user’s query, so the answer is True.",True,"The query 'kodak photo paper 8.5 x 11 glossy' specifies:

1. **Brand:** The product needs to be 'Kodak', which matches with the product detail indicating the brand as 'KODAK'.

2. **Size:** The product needs to be '8.5 x 11', and the product detail confirms the size is '8.5 x 11'.

3. **Type of Paper:** The query specifies 'glossy'. The product is stated as 'glossy' in its title, confirming this match.

According to the additional guidelines, if the product includes additional features beyond what is requested (like the paper count of 50 or weight of 66 lb - 252 g/m), it does not prevent it from being labeled 'E'. These features do not introduce a conflict with the query specifications and thus are irrelevant in determining an exact match.

The description and color being 'nan' does not negatively impact the match because the query itself doesn't demand those specifications. Thus, the product meets all the specifications outlined in the query and does not introduce any conflicting characteristics.

Therefore, according to the KDD Cup 2022 definition, this should be labeled as an exact match ('E'). The agent's decision of True for being an exact match is appropriate and well-justified.",
58953,B085F42SV6,kodak photo paper 8.5 x 11 glossy,"Kodak photo paper 8.5 x 11 matte, 100 count 39 lb - 145 g/m (41164-8318164)",False,"The query specifies ""glossy"" as the paper type, while the product title lists ""matte"" as the paper type. These are different finishes, which means the product does not fully satisfy the query specifications, which explicitly requested a 'glossy' finish.",False,"The agent correctly identified that the query specified a ""glossy"" finish, while the product details list ""matte"" as the finish. According to the KDD Cup 2022 definition of an Exact match, all specifications in the query must be satisfied by the product details. Since the finish type does not match between the query and the product details, the product does not satisfy all query specifications and cannot be labeled as an ""Exact match"". Therefore, the agent's decision to label it as not an exact match (answer=False) is correct.",Kodak photo paper 8.5 x 11 matte 100 count
58953,B01M0L2WLF,kodak photo paper 8.5 x 11 glossy,"Photo Paper, 6.5 mil, Glossy, 8-1/2 x 11, 100 Sheets/Pack",True,"Upon examining the query and the product details:

- **Brand**: The query does not specify a brand, but the product is from Kodak which would match if a brand was queried. There is no conflict here as brand is not a required specification in the query.

- **Size**: The query specifies a size of ""8.5 x 11"". The product description lists the size as ""8-1/2 x 11"". These sizes are equivalent, thus satisfying the query specification.

- **Glossy**: The product is described as ""Glossy"", which matches the query term.

- Other features such as the number of sheets per pack or thickness, though provided, do not contradict the user's specifications as they were not explicitly requested in the query.

Since the product meets all the explicit specifications in the query without conflicting details, it is correctly labeled as an ""Exact match"" (E). Therefore, the product satisfies all the specifications of the user’s query.",True,"

The query requests a product with specific characteristics: Kodak photo paper, size 8.5 x 11, and glossy finish.

- **Brand**: The product matches the implicit brand aspect since it is Kodak, which would meet a brand requirement if it were specified in the query. Though a brand isn't explicitly stated in the query, the additional guidelines acknowledge that the absence of a conflict suffices for satisfaction.

- **Size**: The specified size in the query is ""8.5 x 11"" inches, which is equally represented by ""8-1/2 x 11"" inches in the product details. They are simply expressed in different formats.

- **Finish**: The product being glossy matches exactly with the gloss requirement stated in the query.

The additional guidelines indicate that extra features, such as the number of sheets and limited thickness information, are permissible since they do not contradict the query specifications. 

Based on these aspects, the agent correctly identified the product as an ""Exact match"" because it satisfies all the explicit aspects of the query and the definition for an Exact match according to the KDD Cup 2022.",
58953,B01JB7D4SW,kodak photo paper 8.5 x 11 glossy,"Kodak 8209017 Photo Paper, 6.5 mil, Glossy, 8-1/2 x 11, 100 Sheets/Pack",True,"The query is for Kodak photo paper, with specifications of size '8.5 x 11' in glossy finish. 

- The product title mentions 'Kodak 8209017 Photo Paper,' which confirms the brand as Kodak, matching the query specification.
- The size mentioned is '8-1/2 x 11,' which is a standard representation of '8.5 x 11' and thus is considered an exact match.
- It is also specified as 'Glossy,' matching the finish required in the query.

The product details satisfy all the specifications of the user's query according to the KDD Cup 2022 definition for an exact match.",True,"The agent made the correct decision by labeling the product as an 'Exact match' (E) according to the KDD Cup 2022 guidelines. Here's why:

1. **Brand Match**: The query specifies a need for Kodak photo paper, and the title of the product specifies 'Kodak 8209017 Photo Paper,' which confirms the brand as Kodak.

2. **Size Match**: The size mentioned in the query is '8.5 x 11,' which is commonly represented as '8-1/2 x 11' in product descriptions. This representation is considered equivalent and meets the query’s size requirement.

3. **Finish Match**: The query asks for glossy photo paper, and the product title specifies a 'Glossy' finish.

These factors satisfy all the query specifications according to the definition, and additional information like the description or bundled features that do not contradict the specifications are in alignment. Therefore, the decision to label the product as an exact match is correct.",
58953,B000EZTYHG,kodak photo paper 8.5 x 11 glossy,"Kodak Photo Paper for inkjet printers, Gloss Finish, 7 mil thickness, 50 Sheets, 8.5” x 11” (1213712)",True,"The user's query specifies that the product should be ""kodak photo paper 8.5 x 11 glossy"". 

Upon analyzing the product details:

1. **Brand**: The product is from ""Kodak,"" which matches the requested brand in the query.
2. **Type/Features**: The product is ""photo paper,"" matching the item type requested in the query.
3. **Size**: The product size is ""8.5” x 11”,"" which matches the size specified in the query ""8.5 x 11"" once standardized.
4. **Finish**: The query asks for ""glossy"" paper, and the product details mention ""Gloss Finish,"" which matches the requirement.
5. **Quantity**: There is no specific quantity requirement mentioned in the user's query, but the product provides 50 sheets, which does not contradict the query specifications.

Therefore, the product satisfies all the specifications laid out in the user's query, and it should be labeled as an ""Exact match"" (E).",True,"The agent has made a correct decision based on the provided guidelines and the KDD Cup 2022 definition of an 'Exact match'. 

1. The query specifies the product as ""kodak photo paper 8.5 x 11 glossy"". 
2. The product title is ""Kodak Photo Paper for inkjet printers, Gloss Finish, 7 mil thickness, 50 Sheets, 8.5” x 11” (1213712)"". 

Analyzing these:
- **Brand**: The product is made by 'Kodak', matching the brand requirement in the query.
- **Type**: The product is 'photo paper', which directly aligns with the user's query.
- **Size**: It is specified as '8.5” x 11”', matching the size requirement ('8.5 x 11') in the query.
- **Finish**: The product has a 'Gloss Finish', which matches the 'glossy' requirement.
- **Other specifications**: The query does not specify other features such as color or quantity, so the details color 'White' and the inclusion of '50 sheets' do not disqualify it from being an 'Exact match'.

Since all explicit aspects of the query are met by the product details, and the product information adheres to the additional labeling guidelines where unspecified elements do not affect the match status, the agent's decision to label it as ""E"" is correct.",
58953,B000EZTYG2,kodak photo paper 8.5 x 11 glossy,"Kodak Ultra Premium Photo Paper for inkjet printers, Gloss Finish, 10.7 mil thickness, 25 sheets, 8.5” x 11” (8366353),White",True,"The product meets all the specifications outlined in the user's query as follows:
- **Size:** The query specifies '8.5 x 11', and the product is listed as '8.5” x 11”', which is a match.
- **Finish:** The query mentions 'glossy', and the product description confirms 'Gloss Finish'.
- **Brand:** Although the query does not explicitly request a brand, it mentions 'kodak', and the product title indicates it is a 'Kodak' paper.
- **Product Type:** The query is for 'photo paper', and the product title confirms it is 'Photo Paper'. 

All these factors satisfy the KDD Cup 2022 definition for an Exact match (label 'E'), since the product adheres to the specifications mentioned in the query.",True,"The agent correctly determined that this was an exact match based on the KDD Cup 2022 guidelines. According to these guidelines, an exact match ('E') requires the product to satisfy all the query specifications. Here are the matching elements:

- **Brand:** The query mentions 'kodak', and the product confirms it is a 'Kodak' branded photo paper, aligning with expectations.
- **Size:** The specified query size is '8.5 x 11', which matches exactly with the product's listed size of '8.5” x 11”'. This dimension matches the thickness, ensuring it fits within the expected paper size.
- **Finish:** The query requests a 'glossy' finish, and the product specifies a 'Gloss Finish', confirming this detail matches.
- **Product Type:** 'Photo Paper' is clearly mentioned in both the query and the product title, reinforcing the exact match in terms of the item category.

The agent's explanation confirms that even though the color 'White' is mentioned, the primary specifications in the query were about size, finish, and brand, all of which are met. Thus, labeling this product as an exact match (E) is aligned with the requested specifications.",
58953,B000EZTYCG,kodak photo paper 8.5 x 11 glossy,"Kodak Premium Photo Paper for inkjet printers, Gloss Finish, 8.5 mil thickness, 25 Sheets, 8.5” x 11” (8689283)",True,"The user query specifies the need for Kodak photo paper that is 8.5 x 11 in size and glossy. The product title specifies that it is Kodak (brand matches), photo paper (product type matches), with a size of 8.5” x 11” (size matches), and a gloss finish (glossy matches). Since all explicit specifications from the user's query are satisfied by the product, it is an Exact match according to the KDD Cup 2022 definition.",True,"The agent correctly identified that the product matches all the explicit specifications given in the user query. The query requested Kodak photo paper with a size of 8.5 x 11 inches and a glossy finish. The product details confirm that it is indeed Kodak brand photo paper of the specified size, and it has a gloss finish. All aspects of the query are met, hence it is correctly labeled as an Exact match (E) in compliance with the KDD Cup 2022 guidelines.",
58953,B000EZ0CTK,kodak photo paper 8.5 x 11 glossy,"Kodak Photo Paper for inkjet printers, Matte Finish, 7 mil thickness, 100 sheets, 8.5” x 11” (8318164)",False,"The query specifies 'glossy' photo paper, but the product title indicates a 'Matte Finish'. The finish specification does not match the query, therefore, the product does not satisfy all the specifications of the user's query.",False,"The agent's decision is correct. According to the KDD Cup 2022 definition of an Exact match, the product should satisfy all query specifications, including the finish type. The query specifically requested 'glossy' photo paper, but the product listed has a 'Matte Finish'. Since there is a mismatch in the finish specification, the product does not qualify as an Exact match for the user's query.",Kodak inkjet photo paper matte 8.5 x 11 inches
58953,B000EYAKKW,kodak photo paper 8.5 x 11 glossy,"Kodak Premium Photo Paper for inkjet printers, Gloss Finish, 8.5 mil thickness, 50 Sheets, 8.5” x 11” (8360513),White",True,"The user's query specifies 'kodak photo paper 8.5 x 11 glossy'. The product matches these specifications as follows:

1. **Brand**: The query mentions 'Kodak', and the product title also lists 'Kodak', matching the brand requirement.
2. **Product Type**: The query specifies 'photo paper', and the product title includes 'Kodak Premium Photo Paper', which fulfills this requirement.
3. **Size**: The query specifies '8.5 x 11' and the product description confirms '8.5” x 11”, demonstrating an exact size match.
4. **Finish**: The query asks for 'glossy', and the product title states 'Gloss Finish', thereby meeting the finish requirement.

All relevant criteria from the query are present in the product details, hence it satisfies the specifications of the user’s query.",True,"The user's query specifies requirements for a 'kodak photo paper 8.5 x 11 glossy'. According to the KDD Cup 2022 definition of an exact match, the product must satisfy the brand, product type, size, and finish:

1. **Brand**: The query specifies 'Kodak', and the product title confirms 'Kodak', meeting the brand specification.
2. **Product Type**: The query requires 'photo paper', matched by 'Kodak Premium Photo Paper' in the product title.
3. **Size**: The query indicates the size '8.5 x 11', which matches with '8.5"" x 11""' in the product title, fulfilling this requirement.
4. **Finish**: The query requests a 'glossy' finish, which corresponds to 'Gloss Finish' mentioned in the product title.

The product information matches all specified criteria from the query as per the definition and guidelines given. Therefore, the decision for an exact match is correct.",
58953,B000EYAKJS,kodak photo paper 8.5 x 11 glossy,"KODAK Photo Paper Gloss 8.5""x11"", 25 count, 48lb-180g/m2 weight, 6.5 mil thickness (41161 - 1912369),White",True,"The user's query specifies the brand 'Kodak', size '8.5 x 11', and the finish 'glossy'. The product details match these specifications:

- **Brand**: The product is branded as 'KODAK', which matches the brand in the query.
- **Size**: The product size is specified as '8.5""x11""', which matches the user's query size '8.5 x 11'.
- **Finish**: The product is described as 'Gloss', which matches the 'glossy' specification in the query.

All the explicit specifications in the query are satisfied by the product details, and therefore, the label ""E"" is correctly applied.",True,"The agent correctly identified that the product is an exact match for the query based on the KDD Cup 2022 definition and additional guidelines. The query specifies three main specifications: brand 'Kodak', size '8.5 x 11', and finish 'glossy'. The product information clearly states:

- **Brand**: It is indeed from 'KODAK', matching the query.
- **Size**: The dimensions given are '8.5""x11""', directly matching the user's request.
- **Finish**: The product finish 'Gloss' matches the 'glossy' requirement from the query.

There are no discrepancies or missing specifications in the product details compared to the query. Additionally, the guidelines allow for a label 'E' even if additional features are present, as long as all specified requirements are met. In this case, the extra information about weight and thickness does not contradict the core specifications listed in the query.

Therefore, the agent's decision that the product information qualifies for an 'exact match' label is correct.",
